{"eval/loss":1.7540537118911743,"eval/steps_per_second":2.682,"_runtime":15772.305023319,"_wandb":{"runtime":15772},"train/global_step":8310,"train/learning_rate":0,"train/train_loss":2.0161190907877704,"train/train_runtime":15778.2393,"_timestamp":1.734037955362901e+09,"train/loss":1.7753,"train/total_flos":0,"train/train_steps_per_second":0.527,"train/epoch":1,"eval/samples_per_second":5.355,"train/train_samples_per_second":4.214,"eval/runtime":126.7928,"_step":44278}