{"_step":47378,"_runtime":16870.545066882,"_wandb":{"runtime":16870},"eval/steps_per_second":2.678,"train/total_flos":0,"train/loss":1.477,"eval/runtime":126.9408,"_timestamp":1.7341643033701255e+09,"train/train_runtime":16871.3945,"train/train_steps_per_second":1.478,"train/epoch":3,"train/train_samples_per_second":11.822,"train/learning_rate":0,"eval/loss":1.6700478792190552,"eval/samples_per_second":5.349,"train/global_step":24930,"train/train_loss":0.5865202256177642}