{"train/total_flos":0,"eval/steps_per_second":2.681,"eval/runtime":126.8252,"eval/samples_per_second":5.354,"_runtime":16308.977876911,"eval/loss":1.686303734779358,"train/global_step":16620,"train/train_steps_per_second":1.019,"train/train_loss":0.8835094493433887,"_step":45828,"train/learning_rate":0,"train/loss":1.6204,"train/train_runtime":16309.804,"_timestamp":1.7341255344740112e+09,"train/epoch":2,"train/train_samples_per_second":8.153,"_wandb":{"runtime":16309}}